web-scraper-order,web-scraper-start-url,class,class-href,title,price,rating,brand,operating system,model name,cellular technology
"1705169160-1","https://www.amazon.in/s?k=mobiles&page=5&crid=1EZL50YFX4LM1&qid=1705168175&sprefix=%2Caps%2C185&ref=sr_pg_2","Oneplus Nord CE 3 5G (Grey Shimmer, 8GB RAM, 128GB Storage)","https://www.amazon.in/Oneplus-Nord-Shimmer-128GB-Storage/dp/B0C9QPJY5R/ref=sr_1_84?crid=1EZL50YFX4LM1&keywords=mobiles&qid=1705169147&sprefix=%2Caps%2C185&sr=8-84","Oneplus Nord CE 3 5G (Grey Shimmer, 8GB RAM, 128GB Storage)","24,999","7,653 ratings","OnePlus","OxygenOS","Nord CE 3 Lite 5G","5G, 4G LTE"
"1705169169-2","https://www.amazon.in/s?k=mobiles&page=5&crid=1EZL50YFX4LM1&qid=1705168175&sprefix=%2Caps%2C185&ref=sr_pg_2","Redmi Note 13 5G (Stealth Black, 6GB RAM, 128GB Storage) | MTK Dimensity 6080 5G | 7.6mm, Slimmest Note Ever","https://www.amazon.in/Redmi-Stealth-Storage-Dimensity-Slimmest/dp/B0CQPHMWR3/ref=sr_1_83?crid=1EZL50YFX4LM1&keywords=mobiles&qid=1705169147&sprefix=%2Caps%2C185&sr=8-83","Redmi Note 13 5G (Stealth Black, 6GB RAM, 128GB Storage) | MTK Dimensity 6080 5G | 7.6mm, Slimmest Note Ever","17,998","","Redmi","Android 13, MIUI 14","Redmi Note 13 5G","5G"
"1705169178-3","https://www.amazon.in/s?k=mobiles&page=5&crid=1EZL50YFX4LM1&qid=1705168175&sprefix=%2Caps%2C185&ref=sr_pg_2","OnePlus Nord CE 2 Lite 5G (Blue Tide, 6GB RAM, 128GB Storage)","https://www.amazon.in/OnePlus-Nord-Lite-128GB-Storage/dp/B09WQYFLRX/ref=sr_1_82?crid=1EZL50YFX4LM1&keywords=mobiles&qid=1705169147&sprefix=%2Caps%2C185&sr=8-82","OnePlus Nord CE 2 Lite 5G (Blue Tide, 6GB RAM, 128GB Storage)","17,999","142,085 ratings","OnePlus","OxygenOS","Nord CE 2 Lite 5G","5G, 4G LTE"
"1705169186-4","https://www.amazon.in/s?k=mobiles&page=5&crid=1EZL50YFX4LM1&qid=1705168175&sprefix=%2Caps%2C185&ref=sr_pg_2","Lava Agni 2 5G (Glass Viridian, 8GB RAM, 256GB Storage) | India's First Dimensity 7050 Processor | 120 Hz Curved Amoled Display | 13 5G Bands | Superfast 66W Charging | Clean Android","https://www.amazon.in/Lava-Viridian-Dimensity-Processor-Superfast/dp/B0C467KFNM/ref=sr_1_81?crid=1EZL50YFX4LM1&keywords=mobiles&qid=1705169147&sprefix=%2Caps%2C185&sr=8-81","Lava Agni 2 5G (Glass Viridian, 8GB RAM, 256GB Storage) | India's First Dimensity 7050 Processor | 120 Hz Curved Amoled Display | 13 5G Bands | Superfast 66W Charging | Clean Android","19,999","3,606 ratings","Lava","Android 13.0","Lava Agni 2 5G","5G"
"1705169194-5","https://www.amazon.in/s?k=mobiles&page=5&crid=1EZL50YFX4LM1&qid=1705168175&sprefix=%2Caps%2C185&ref=sr_pg_2","POCO C51 (Power Black, 4GB RAM, 64GB Storage)","https://www.amazon.in/Poco-C51-Power-Black-RAM/dp/B0C1SXGSH4/ref=sr_1_80?crid=1EZL50YFX4LM1&keywords=mobiles&qid=1705169147&sprefix=%2Caps%2C185&sr=8-80","POCO C51 (Power Black, 4GB RAM, 64GB Storage)","5,798","80 ratings","POCO","Android 13.0","POCO C51","4G"
"1705169204-6","https://www.amazon.in/s?k=mobiles&page=5&crid=1EZL50YFX4LM1&qid=1705168175&sprefix=%2Caps%2C185&ref=sr_pg_2","Lava Storm 5G (Gale Green, 8GB RAM, 128GB ROM)|50MP+8MP Ultrawide Dual Camera|16MP FrontCamera|6.78"" FHD+ Punch Hole Display|5000 mAh Battery|33W Fast Charging|Upto 16GB ExpandableRAM|Clean Android","https://www.amazon.in/Lava-Ultrawide-FrontCamera-Charging-ExpandableRAM/dp/B0CHM729GT/ref=sr_1_79?crid=1EZL50YFX4LM1&keywords=mobiles&qid=1705169147&sprefix=%2Caps%2C185&sr=8-79","Lava Storm 5G (Gale Green, 8GB RAM, 128GB ROM)|50MP+8MP Ultrawide Dual Camera|16MP FrontCamera|6.78"" FHD+ Punch Hole Display|5000 mAh Battery|33W Fast Charging|Upto 16GB ExpandableRAM|Clean Android","12,499","128 ratings","Lava","Android 13.0","Lava Storm 5G","5G"
"1705169214-7","https://www.amazon.in/s?k=mobiles&page=5&crid=1EZL50YFX4LM1&qid=1705168175&sprefix=%2Caps%2C185&ref=sr_pg_2","realme narzo 60 5G (Mars Orange,8GB+256GB) | 90Hz Super AMOLED Display | Ultra Premium Vegan Leather Design | with 33W SUPERVOOC Charger","https://www.amazon.in/realme-Display-Premium-Leather-SUPERVOOC/dp/B0C787P8BV/ref=sr_1_78?crid=1EZL50YFX4LM1&keywords=mobiles&qid=1705169147&sprefix=%2Caps%2C185&sr=8-78","realme narzo 60 5G (Mars Orange,8GB+256GB) | 90Hz Super AMOLED Display | Ultra Premium Vegan Leather Design | with 33W SUPERVOOC Charger","17,999","5,410 ratings","realme","Android 13.0","realme narzo 60 5G","5G, 4G LTE"
"1705169224-8","https://www.amazon.in/s?k=mobiles&page=5&crid=1EZL50YFX4LM1&qid=1705168175&sprefix=%2Caps%2C185&ref=sr_pg_2","iQOO Z7s 5G by vivo (Norway Blue, 6GB RAM, 128GB Storage) | Ultra Bright AMOLED Display | Snapdragon 695 5G 6nm Processor | 64 MP OIS Ultra Stable Camera | 44WFlashCharge","https://www.amazon.in/iQOO-Storage-Snapdragon-Processor-44WFlashCharge/dp/B07WHS7MZ4/ref=sr_1_77?crid=1EZL50YFX4LM1&keywords=mobiles&qid=1705169147&sprefix=%2Caps%2C185&sr=8-77","iQOO Z7s 5G by vivo (Norway Blue, 6GB RAM, 128GB Storage) | Ultra Bright AMOLED Display | Snapdragon 695 5G 6nm Processor | 64 MP OIS Ultra Stable Camera | 44WFlashCharge","14,999","12,839 ratings","iQOO","Funtouch OS 13 Based On Android 13","iQOO Z7s 5G by vivo","5G"
"1705169234-9","https://www.amazon.in/s?k=mobiles&page=5&crid=1EZL50YFX4LM1&qid=1705168175&sprefix=%2Caps%2C185&ref=sr_pg_2","Vivo Y17s (Glitter Purple, 4GB RAM, 64GB Storage) with No Cost EMI/Additional Exchange Offers","https://www.amazon.in/Vivo-Glitter-Storage-Additional-Exchange/dp/B07WGNXGB3/ref=sr_1_74?crid=1EZL50YFX4LM1&keywords=mobiles&qid=1705169147&sprefix=%2Caps%2C185&sr=8-74","Vivo Y17s (Glitter Purple, 4GB RAM, 64GB Storage) with No Cost EMI/Additional Exchange Offers","10,499","75 ratings","Vivo","FunTouch OS 13 (Android 13 edition)","Y17s","LTE"
"1705169245-10","https://www.amazon.in/s?k=mobiles&page=5&crid=1EZL50YFX4LM1&qid=1705168175&sprefix=%2Caps%2C185&ref=sr_pg_2","OnePlus Nord CE 2 5G (Bahamas Blue, 8GB RAM, 128GB Storage)","https://www.amazon.in/OnePlus-Nord-Bahamas-128GB-Storage/dp/B09RG5R5FG/ref=sr_1_73?crid=1EZL50YFX4LM1&keywords=mobiles&qid=1705169147&sprefix=%2Caps%2C185&sr=8-73","OnePlus Nord CE 2 5G (Bahamas Blue, 8GB RAM, 128GB Storage)","19,999","142,085 ratings","OnePlus","OxygenOS","Nord CE 2 5G","5G"
"1705169256-11","https://www.amazon.in/s?k=mobiles&page=5&crid=1EZL50YFX4LM1&qid=1705168175&sprefix=%2Caps%2C185&ref=sr_pg_2","iQOO Z7 Pro 5G (Graphite Matte, 8GB RAM, 256GB Storage) | 3D Curved AMOLED Display | 4nm MediaTek Dimesity 7200 5G Processor | 64MP Aura Light OIS Camera | Segment's Slimmest & Lightest Smartphone","https://www.amazon.in/iQOO-Graphite-MediaTek-Processor-Smartphone/dp/B07WFPLDPR/ref=sr_1_72?crid=1EZL50YFX4LM1&keywords=mobiles&qid=1705169147&sprefix=%2Caps%2C185&sr=8-72","iQOO Z7 Pro 5G (Graphite Matte, 8GB RAM, 256GB Storage) | 3D Curved AMOLED Display | 4nm MediaTek Dimesity 7200 5G Processor | 64MP Aura Light OIS Camera | Segment's Slimmest & Lightest Smartphone","23,999","6,816 ratings","iQOO","Funtouch OS 13 Based On Android 13","iQOO Z7 Pro 5G","5G"
"1705169265-12","https://www.amazon.in/s?k=mobiles&page=5&crid=1EZL50YFX4LM1&qid=1705168175&sprefix=%2Caps%2C185&ref=sr_pg_2","Samsung Galaxy M34 5G (Waterfall Blue,8GB,256GB)|120Hz sAMOLED Display|50MP Triple No Shake Cam|6000 mAh Battery|4 Gen OS Upgrade & 5 Year Security Update|16GB RAM with RAM+|Android 13|Without Charger","https://www.amazon.in/Samsung-Waterfall-sAMOLED-Display-Security/dp/B0CHJ4CS3K/ref=sr_1_71?crid=1EZL50YFX4LM1&keywords=mobiles&qid=1705169147&sprefix=%2Caps%2C185&sr=8-71","Samsung Galaxy M34 5G (Waterfall Blue,8GB,256GB)|120Hz sAMOLED Display|50MP Triple No Shake Cam|6000 mAh Battery|4 Gen OS Upgrade & 5 Year Security Update|16GB RAM with RAM+|Android 13|Without Charger","19,999","10,658 ratings","Samsung","Android 13.0","Samsung Galaxy M34 5G","5G"
"1705169276-13","https://www.amazon.in/s?k=mobiles&page=5&crid=1EZL50YFX4LM1&qid=1705168175&sprefix=%2Caps%2C185&ref=sr_pg_2","TECNO Spark GO 2024 (Gravity Black,8GB* RAM, 64GB ROM)| Segment First 90Hz Dot-in Display with Dynamic Port & Dual Speakers with DTS| 5000mAh| 10W Type-C| Fingerprint Sensor| Octa-Core Processor","https://www.amazon.in/Gravity-Speakers-Fingerprint-Octa-Core-Processor/dp/B0CMZN8MYN/ref=sr_1_70?crid=1EZL50YFX4LM1&keywords=mobiles&qid=1705169147&sprefix=%2Caps%2C185&sr=8-70","TECNO Spark GO 2024 (Gravity Black,8GB* RAM, 64GB ROM)| Segment First 90Hz Dot-in Display with Dynamic Port & Dual Speakers with DTS| 5000mAh| 10W Type-C| Fingerprint Sensor| Octa-Core Processor","6,999","144 ratings","Tecno","Android 13.0","Spark Go 2024","4G"
"1705169286-14","https://www.amazon.in/s?k=mobiles&page=5&crid=1EZL50YFX4LM1&qid=1705168175&sprefix=%2Caps%2C185&ref=sr_pg_2","realme narzo 60 5G (Cosmic Black,8GB+128GB) | 90Hz Super AMOLED Display | Ultra Sharp 64 MP Camera | with 33W SUPERVOOC Charger","https://www.amazon.in/realme-Cosmic-Display-SUPERVOOC-Charger/dp/B0C78869XJ/ref=sr_1_69?crid=1EZL50YFX4LM1&keywords=mobiles&qid=1705169147&sprefix=%2Caps%2C185&sr=8-69","realme narzo 60 5G (Cosmic Black,8GB+128GB) | 90Hz Super AMOLED Display | Ultra Sharp 64 MP Camera | with 33W SUPERVOOC Charger","16,249","5,410 ratings","realme","Android 13.0","realme narzo 60 5G","5G, 4G LTE"
"1705169296-15","https://www.amazon.in/s?k=mobiles&page=5&crid=1EZL50YFX4LM1&qid=1705168175&sprefix=%2Caps%2C185&ref=sr_pg_2","OnePlus Nord CE 2 Lite 5G (Black Dusk, 6GB RAM, 128GB Storage)","https://www.amazon.in/OnePlus-Nord-Black-128GB-Storage/dp/B09WQY65HN/ref=sr_1_68?crid=1EZL50YFX4LM1&keywords=mobiles&qid=1705169147&sprefix=%2Caps%2C185&sr=8-68","OnePlus Nord CE 2 Lite 5G (Black Dusk, 6GB RAM, 128GB Storage)","17,999","142,085 ratings","OnePlus","OxygenOS","Nord CE 2 Lite 5G","5G"
"1705169305-16","https://www.amazon.in/s?k=mobiles&page=5&crid=1EZL50YFX4LM1&qid=1705168175&sprefix=%2Caps%2C185&ref=sr_pg_2","Redmi A2 (Classic Black, 2GB RAM, 64GB Storage)","https://www.amazon.in/Redmi-Classic-Black-64GB-Storage/dp/B0C74KRMHW/ref=sr_1_67?crid=1EZL50YFX4LM1&keywords=mobiles&qid=1705169147&sprefix=%2Caps%2C185&sr=8-67","Redmi A2 (Classic Black, 2GB RAM, 64GB Storage)","5,299","7,061 ratings","Redmi","Android 13 Go, Android 13.0","Redmi A2","4G"
"1705169316-17","https://www.amazon.in/s?k=mobiles&page=4&crid=1EZL50YFX4LM1&qid=1705168175&sprefix=%2Caps%2C185&ref=sr_pg_2","Redmi 13C (Stardust Black, 8GB RAM, 256GB Storage) | Powered by 4G MediaTek Helio G85 | 90Hz Display | 50MP AI Triple Camera","https://www.amazon.in/Stardust-Storage-Powered-MediaTek-Display/dp/B0CMTWQYFM/ref=sr_1_68?crid=1EZL50YFX4LM1&keywords=mobiles&qid=1705169305&sprefix=%2Caps%2C185&sr=8-68","Redmi 13C (Stardust Black, 8GB RAM, 256GB Storage) | Powered by 4G MediaTek Helio G85 | 90Hz Display | 50MP AI Triple Camera","11,499","305 ratings","Xiaomi","MIUI 14, Android 13.0","Redmi 13C","4G"
"1705169328-18","https://www.amazon.in/s?k=mobiles&page=4&crid=1EZL50YFX4LM1&qid=1705168175&sprefix=%2Caps%2C185&ref=sr_pg_2","OnePlus Nord CE 3 Lite 5G (Pastel Lime, 8GB RAM, 128GB Storage)","https://www.amazon.in/OnePlus-Nord-Pastel-128GB-Storage/dp/B0BY8JZ22K/ref=sr_1_67?crid=1EZL50YFX4LM1&keywords=mobiles&qid=1705169305&sprefix=%2Caps%2C185&sr=8-67","OnePlus Nord CE 3 Lite 5G (Pastel Lime, 8GB RAM, 128GB Storage)","19,998","40,561 ratings","OnePlus","OxygenOS","Nord CE 3 Lite 5G","5G"
"1705169338-19","https://www.amazon.in/s?k=mobiles&page=4&crid=1EZL50YFX4LM1&qid=1705168175&sprefix=%2Caps%2C185&ref=sr_pg_2","vivo Y27 (Burgundy Black, 6GB RAM, 128GB Storage) with No Cost EMI/Additional Exchange Offers","https://www.amazon.in/Burgundy-Storage-Additional-Exchange-Offers/dp/B07WGPKTST/ref=sr_1_66?crid=1EZL50YFX4LM1&keywords=mobiles&qid=1705169305&sprefix=%2Caps%2C185&sr=8-66","vivo Y27 (Burgundy Black, 6GB RAM, 128GB Storage) with No Cost EMI/Additional Exchange Offers","12,999","237 ratings","Vivo","FunTouch OS 13","Y27","LTE"
"1705169349-20","https://www.amazon.in/s?k=mobiles&page=4&crid=1EZL50YFX4LM1&qid=1705168175&sprefix=%2Caps%2C185&ref=sr_pg_2","Samsung Galaxy S21 FE 5G (Graphite, 8GB, 128GB Storage)","https://www.amazon.in/Samsung-Galaxy-Graphite-128GB-Storage/dp/B09P7G7Y95/ref=sr_1_65?crid=1EZL50YFX4LM1&keywords=mobiles&qid=1705169305&sprefix=%2Caps%2C185&sr=8-65","Samsung Galaxy S21 FE 5G (Graphite, 8GB, 128GB Storage)","30,990","1,459 ratings","Samsung","Android 12.0","Samsung Galaxy S21 FE 5G (Graphite, 8GB, 128GB Storage)","5G"
"1705169356-21","https://www.amazon.in/s?k=mobiles&page=4&crid=1EZL50YFX4LM1&qid=1705168175&sprefix=%2Caps%2C185&ref=sr_pg_2","POCO C51 (Royal Blue, 4GB RAM, 64GB Storage)","https://www.amazon.in/Poco-C51-Royal-Blue-RAM/dp/B0C1SG2JRF/ref=sr_1_64?crid=1EZL50YFX4LM1&keywords=mobiles&qid=1705169305&sprefix=%2Caps%2C185&sr=8-64","POCO C51 (Royal Blue, 4GB RAM, 64GB Storage)","5,799","50 ratings","POCO","Android 13.0","POCO C51","4G"
"1705169367-22","https://www.amazon.in/s?k=mobiles&page=4&crid=1EZL50YFX4LM1&qid=1705168175&sprefix=%2Caps%2C185&ref=sr_pg_2","Redmi 12 5G Moonstone Silver 8GB RAM 256GB ROM","https://www.amazon.in/Redmi-Moonstone-Silver-8GB-256GB/dp/B0C9JFM6X6/ref=sr_1_63?crid=1EZL50YFX4LM1&keywords=mobiles&qid=1705169305&sprefix=%2Caps%2C185&sr=8-63","Redmi 12 5G Moonstone Silver 8GB RAM 256GB ROM","14,999","10,227 ratings","Redmi","MIUI 14, Android 13.0","Redmi 12","5G"
"1705169375-23","https://www.amazon.in/s?k=mobiles&page=4&crid=1EZL50YFX4LM1&qid=1705168175&sprefix=%2Caps%2C185&ref=sr_pg_2","OPPO A18 (Glowing Blue, 4GB RAM, 64GB Storage) | 6.56"" HD 90Hz Waterdrop Display | 5000 mAh Battery with No Cost EMI/Additional Exchange Offers","https://www.amazon.in/Glowing-Storage-Waterdrop-Additional-Exchange/dp/B0CJSRBBTH/ref=sr_1_62?crid=1EZL50YFX4LM1&keywords=mobiles&qid=1705169305&sprefix=%2Caps%2C185&sr=8-62","OPPO A18 (Glowing Blue, 4GB RAM, 64GB Storage) | 6.56"" HD 90Hz Waterdrop Display | 5000 mAh Battery with No Cost EMI/Additional Exchange Offers","9,999","64 ratings","Oppo","Android 13.0","A18","LTE"
"1705169383-24","https://www.amazon.in/s?k=mobiles&page=4&crid=1EZL50YFX4LM1&qid=1705168175&sprefix=%2Caps%2C185&ref=sr_pg_2","TECNO POP 8 (Gravity Black,(8GB*+64GB)| 90Hz Punch Hole Display with Dynamic Port & Dual Speakers with DTS| 5000mAh Battery |10W Type-C| Side Fingerprint Sensor| Octa-Core Processor","https://www.amazon.in/Gravity-Speakers-Fingerprint-Octa-Core-Processor/dp/B0CQ7RQ5RK/ref=sr_1_61?crid=1EZL50YFX4LM1&keywords=mobiles&qid=1705169305&sprefix=%2Caps%2C185&sr=8-61","TECNO POP 8 (Gravity Black,(8GB*+64GB)| 90Hz Punch Hole Display with Dynamic Port & Dual Speakers with DTS| 5000mAh Battery |10W Type-C| Side Fingerprint Sensor| Octa-Core Processor","6,499","38 ratings","Tecno","Android 13.0","POP 8","4G"
"1705169392-25","https://www.amazon.in/s?k=mobiles&page=4&crid=1EZL50YFX4LM1&qid=1705168175&sprefix=%2Caps%2C185&ref=sr_pg_2","Redmi 12 5G Pastel Blue 8GB RAM 256GB ROM","https://www.amazon.in/Redmi-Pastel-Blue-8GB-256GB/dp/B0C9JFBGSJ/ref=sr_1_58?crid=1EZL50YFX4LM1&keywords=mobiles&qid=1705169305&sprefix=%2Caps%2C185&sr=8-58","Redmi 12 5G Pastel Blue 8GB RAM 256GB ROM","14,999","10,227 ratings","Redmi","MIUI 14, Android 13.0","Redmi 12","5G"
"1705169400-26","https://www.amazon.in/s?k=mobiles&page=4&crid=1EZL50YFX4LM1&qid=1705168175&sprefix=%2Caps%2C185&ref=sr_pg_2","Samsung Galaxy S23 5G (Lavender, 8GB, 256GB Storage)","https://www.amazon.in/Samsung-Galaxy-Lavender-256GB-Storage/dp/B0BRSL2XWP/ref=sr_1_57?crid=1EZL50YFX4LM1&keywords=mobiles&qid=1705169305&sprefix=%2Caps%2C185&sr=8-57","Samsung Galaxy S23 5G (Lavender, 8GB, 256GB Storage)","69,999","1,313 ratings","Samsung","Android 13.0","Galaxy S23","5G, 4G LTE"
"1705169409-27","https://www.amazon.in/s?k=mobiles&page=4&crid=1EZL50YFX4LM1&qid=1705168175&sprefix=%2Caps%2C185&ref=sr_pg_2","OnePlus Nord CE 3 5G (Aqua Surge, 8GB RAM, 128GB Storage)","https://www.amazon.in/OnePlus-Nord-Surge-128GB-Storage/dp/B0C9QS5G2R/ref=sr_1_56?crid=1EZL50YFX4LM1&keywords=mobiles&qid=1705169305&sprefix=%2Caps%2C185&sr=8-56","OnePlus Nord CE 3 5G (Aqua Surge, 8GB RAM, 128GB Storage)","24,999","7,653 ratings","OnePlus","OxygenOS","Nord CE 3 Lite 5G","5G"
"1705169419-28","https://www.amazon.in/s?k=mobiles&page=4&crid=1EZL50YFX4LM1&qid=1705168175&sprefix=%2Caps%2C185&ref=sr_pg_2","OnePlus 10R 5G (Forest Green, 8GB RAM, 128GB Storage, 80W SuperVOOC)","https://www.amazon.in/OnePlus-Forest-Green-Storage-SuperVOOC/dp/B09WRMNJ9G/ref=sr_1_55?crid=1EZL50YFX4LM1&keywords=mobiles&qid=1705169305&sprefix=%2Caps%2C185&sr=8-55","OnePlus 10R 5G (Forest Green, 8GB RAM, 128GB Storage, 80W SuperVOOC)","34,999","18,638 ratings","OnePlus","OxygenOS","OnePlus 10R","5G, 4G LTE"
"1705169427-29","https://www.amazon.in/s?k=mobiles&page=4&crid=1EZL50YFX4LM1&qid=1705168175&sprefix=%2Caps%2C185&ref=sr_pg_2","OnePlus Nord CE 3 Lite 5G (Pastel Lime, 8GB RAM, 256GB Storage)","https://www.amazon.in/OnePlus-Nord-Pastel-256GB-Storage/dp/B0BY8JV4PX/ref=sr_1_54?crid=1EZL50YFX4LM1&keywords=mobiles&qid=1705169305&sprefix=%2Caps%2C185&sr=8-54","OnePlus Nord CE 3 Lite 5G (Pastel Lime, 8GB RAM, 256GB Storage)","21,999","40,561 ratings","OnePlus","OxygenOS","Nord CE 3 Lite 5G","5G, 4G LTE"
"1705169436-30","https://www.amazon.in/s?k=mobiles&page=4&crid=1EZL50YFX4LM1&qid=1705168175&sprefix=%2Caps%2C185&ref=sr_pg_2","iQOO Z7s 5G by vivo (Norway Blue, 8GB RAM, 128GB Storage) | Ultra Bright AMOLED Display | Snapdragon 695 5G 6nm Processor | 64 MP OIS Ultra Stable Camera | 44WFlashCharge","https://www.amazon.in/iQOO-Storage-Snapdragon-Processor-44WFlashCharge/dp/B07WFNTGLL/ref=sr_1_53?crid=1EZL50YFX4LM1&keywords=mobiles&qid=1705169305&sprefix=%2Caps%2C185&sr=8-53","iQOO Z7s 5G by vivo (Norway Blue, 8GB RAM, 128GB Storage) | Ultra Bright AMOLED Display | Snapdragon 695 5G 6nm Processor | 64 MP OIS Ultra Stable Camera | 44WFlashCharge","15,999","12,839 ratings","iQOO","Funtouch OS 13 Based On Android 13","iQOO Z7s 5G by vivo","5G"
"1705169444-31","https://www.amazon.in/s?k=mobiles&page=4&crid=1EZL50YFX4LM1&qid=1705168175&sprefix=%2Caps%2C185&ref=sr_pg_2","OnePlus 10R 5G (Sierra Black, 8GB RAM, 128GB Storage, 80W SuperVOOC)","https://www.amazon.in/OnePlus-Sierra-Black-Storage-SuperVOOC/dp/B09WRP2WXG/ref=sr_1_52?crid=1EZL50YFX4LM1&keywords=mobiles&qid=1705169305&sprefix=%2Caps%2C185&sr=8-52","OnePlus 10R 5G (Sierra Black, 8GB RAM, 128GB Storage, 80W SuperVOOC)","34,999","18,638 ratings","OnePlus","OxygenOS","OnePlus 10R","5G, 4G LTE"
"1705169452-32","https://www.amazon.in/s?k=mobiles&page=4&crid=1EZL50YFX4LM1&qid=1705168175&sprefix=%2Caps%2C185&ref=sr_pg_2","Redmi 13C (Starfrost White, 4GB RAM, 128GB Storage) | Powered by 4G MediaTek Helio G85 | 90Hz Display | 50MP AI Triple Camera","https://www.amazon.in/Starfrost-Storage-Powered-MediaTek-Display/dp/B0CMTY5P4V/ref=sr_1_51?crid=1EZL50YFX4LM1&keywords=mobiles&qid=1705169305&sprefix=%2Caps%2C185&sr=8-51","Redmi 13C (Starfrost White, 4GB RAM, 128GB Storage) | Powered by 4G MediaTek Helio G85 | 90Hz Display | 50MP AI Triple Camera","7,999","305 ratings","Xiaomi","MIUI 14, Android 13.0","Redmi 13C","4G"
"1705169462-33","https://www.amazon.in/s?k=mobiles&page=3&crid=1EZL50YFX4LM1&qid=1705168175&sprefix=%2Caps%2C185&ref=sr_pg_2","Nokia C32 with 50MP Dual Rear AI Camera | Toughened Glass Back | 4GB RAM, 128GB Storage | Upto 7GB RAM with RAM Extension | 5000 mAh Battery | 1 Year Replacement Warranty | Android 13 | Breezy Mint","https://www.amazon.in/Nokia-Toughened-Extension-Replacement-Warranty/dp/B0C59CNMP7/ref=sr_1_52?crid=1EZL50YFX4LM1&keywords=mobiles&qid=1705169452&sprefix=%2Caps%2C185&sr=8-52","Nokia C32 with 50MP Dual Rear AI Camera | Toughened Glass Back | 4GB RAM, 128GB Storage | Upto 7GB RAM with RAM Extension | 5000 mAh Battery | 1 Year Replacement Warranty | Android 13 | Breezy Mint","7,999","881 ratings","Nokia","Android 13.0","Nokia C32","2G, 3G, 4G"
"1705169471-34","https://www.amazon.in/s?k=mobiles&page=3&crid=1EZL50YFX4LM1&qid=1705168175&sprefix=%2Caps%2C185&ref=sr_pg_2","Redmi 13C (Stardust Black, 6GB RAM, 128GB Storage) | Powered by 4G MediaTek Helio G85 | 90Hz Display | 50MP AI Triple Camera","https://www.amazon.in/Stardust-Storage-Powered-MediaTek-Display/dp/B0CMTW9MVK/ref=sr_1_51?crid=1EZL50YFX4LM1&keywords=mobiles&qid=1705169452&sprefix=%2Caps%2C185&sr=8-51","Redmi 13C (Stardust Black, 6GB RAM, 128GB Storage) | Powered by 4G MediaTek Helio G85 | 90Hz Display | 50MP AI Triple Camera","9,998","305 ratings","Xiaomi","MIUI 14, Android 13.0","Redmi 13C","4G"
"1705169479-35","https://www.amazon.in/s?k=mobiles&page=3&crid=1EZL50YFX4LM1&qid=1705168175&sprefix=%2Caps%2C185&ref=sr_pg_2","Redmi 13C (Stardust Black, 4GB RAM, 128GB Storage) | Powered by 4G Mediatek Helio G85 | 90Hz Display | 50MP AI Triple Camera","https://www.amazon.in/Stardust-Storage-Powered-Mediatek-Display/dp/B0CMTTRN8M/ref=sr_1_50?crid=1EZL50YFX4LM1&keywords=mobiles&qid=1705169452&sprefix=%2Caps%2C185&sr=8-50","Redmi 13C (Stardust Black, 4GB RAM, 128GB Storage) | Powered by 4G Mediatek Helio G85 | 90Hz Display | 50MP AI Triple Camera","7,999","305 ratings","Xiaomi","MIUI 14, Android 13.0","Redmi 13C","4G"
"1705169488-36","https://www.amazon.in/s?k=mobiles&page=3&crid=1EZL50YFX4LM1&qid=1705168175&sprefix=%2Caps%2C185&ref=sr_pg_2","Samsung Galaxy M04 Dark Blue, 4GB RAM, 128GB Storage | Upto 8GB RAM with RAM Plus | MediaTek Helio P35 Octa-core Processor | 5000 mAh Battery | 13MP Dual Camera","https://www.amazon.in/Samsung-Storage-MediaTek-Octa-core-Processor/dp/B0BMGG6NKT/ref=sr_1_49?crid=1EZL50YFX4LM1&keywords=mobiles&qid=1705169452&sprefix=%2Caps%2C185&sr=8-49","Samsung Galaxy M04 Dark Blue, 4GB RAM, 128GB Storage | Upto 8GB RAM with RAM Plus | MediaTek Helio P35 Octa-core Processor | 5000 mAh Battery | 13MP Dual Camera","6,999","16,976 ratings","Samsung","Android 12.0","Samsung M04","4G"
"1705169495-37","https://www.amazon.in/s?k=mobiles&page=3&crid=1EZL50YFX4LM1&qid=1705168175&sprefix=%2Caps%2C185&ref=sr_pg_2","POCO C55 (Cool Blue, 4GB RAM, 64GB Storage)","https://www.amazon.in/POCO-Cool-Blue-64GB-Storage/dp/B0C8B2T57G/ref=sr_1_48?crid=1EZL50YFX4LM1&keywords=mobiles&qid=1705169452&sprefix=%2Caps%2C185&sr=8-48","POCO C55 (Cool Blue, 4GB RAM, 64GB Storage)","6,499","14 ratings","POCO","MIUI 13, Android 12.0","Poco C55","4G"
"1705169503-38","https://www.amazon.in/s?k=mobiles&page=3&crid=1EZL50YFX4LM1&qid=1705168175&sprefix=%2Caps%2C185&ref=sr_pg_2","Redmi 13C 5G (Startrail Green, 8GB RAM, 256GB Storage) | MediaTek Dimensity 6100+ 5G | 90Hz Display","https://www.amazon.in/Redmi-Startrail-Storage-MediaTek-Dimensity/dp/B0CNX84MF4/ref=sr_1_47?crid=1EZL50YFX4LM1&keywords=mobiles&qid=1705169452&sprefix=%2Caps%2C185&sr=8-47","Redmi 13C 5G (Startrail Green, 8GB RAM, 256GB Storage) | MediaTek Dimensity 6100+ 5G | 90Hz Display","14,499","319 ratings","Redmi","MIUI 14, Android 13.0","Redmi 13C 5G","5G"
"1705169512-39","https://www.amazon.in/s?k=mobiles&page=3&crid=1EZL50YFX4LM1&qid=1705168175&sprefix=%2Caps%2C185&ref=sr_pg_2","Vivo Y02t (Sunset Gold, 4GB RAM, 64GB Storage) with No Cost EMI/Additional Exchange Offers","https://www.amazon.in/Vivo-Sunset-Storage-Additional-Exchange/dp/B07WFPLX4V/ref=sr_1_46?crid=1EZL50YFX4LM1&keywords=mobiles&qid=1705169452&sprefix=%2Caps%2C185&sr=8-46","Vivo Y02t (Sunset Gold, 4GB RAM, 64GB Storage) with No Cost EMI/Additional Exchange Offers","8,499","271 ratings","Vivo","FunTouch OS 13 (Android 13 edition)","Y02t","LTE"
"1705169520-40","https://www.amazon.in/s?k=mobiles&page=3&crid=1EZL50YFX4LM1&qid=1705168175&sprefix=%2Caps%2C185&ref=sr_pg_2","realme narzo 60X 5G（Nebula Purple 4GB, 128GB Storage） Up to 2TB External Memory | 50 MP AI Primary Camera | Segments only 33W Supervooc Charge","https://www.amazon.in/realme-5G%EF%BC%88Nebula-Storage%EF%BC%89-External-Supervooc/dp/B0CGDQ7VNL/ref=sr_1_45?crid=1EZL50YFX4LM1&keywords=mobiles&qid=1705169452&sprefix=%2Caps%2C185&sr=8-45","realme narzo 60X 5G（Nebula Purple 4GB, 128GB Storage） Up to 2TB External Memory | 50 MP AI Primary Camera | Segments only 33W Supervooc Charge","11,499","6,229 ratings","realme","Android 13.0","realme narzo 60x","5G"
"1705169529-41","https://www.amazon.in/s?k=mobiles&page=3&crid=1EZL50YFX4LM1&qid=1705168175&sprefix=%2Caps%2C185&ref=sr_pg_2","realme narzo 60 5G (Mars Orange,8GB+128GB) 90Hz Super AMOLED Display | Ultra Premium Vegan Leather Design | with 33W SUPERVOOC Charger","https://www.amazon.in/realme-Display-Premium-Leather-SUPERVOOC/dp/B0C788SHHC/ref=sr_1_42?crid=1EZL50YFX4LM1&keywords=mobiles&qid=1705169452&sprefix=%2Caps%2C185&sr=8-42","realme narzo 60 5G (Mars Orange,8GB+128GB) 90Hz Super AMOLED Display | Ultra Premium Vegan Leather Design | with 33W SUPERVOOC Charger","16,249","5,410 ratings","realme","Android 13.0","realme narzo 60 5G","5G, 4G LTE"
"1705169538-42","https://www.amazon.in/s?k=mobiles&page=3&crid=1EZL50YFX4LM1&qid=1705168175&sprefix=%2Caps%2C185&ref=sr_pg_2","POCO C55 (Forest Green, 6GB RAM, 128GB Storage)","https://www.amazon.in/POCO-C55-Forest-Green-128/dp/B0BX9JS72P/ref=sr_1_41?crid=1EZL50YFX4LM1&keywords=mobiles&qid=1705169452&sprefix=%2Caps%2C185&sr=8-41","POCO C55 (Forest Green, 6GB RAM, 128GB Storage)","7,499","154 ratings","POCO","MIUI 13, Android 12.0","Poco C55","4G"
"1705169549-43","https://www.amazon.in/s?k=mobiles&page=3&crid=1EZL50YFX4LM1&qid=1705168175&sprefix=%2Caps%2C185&ref=sr_pg_2","Samsung Galaxy M04 Light Green, 4GB RAM, 128GB Storage | Upto 8GB RAM with RAM Plus | MediaTek Helio P35 Octa-core Processor | 5000 mAh Battery | 13MP Dual Camera","https://www.amazon.in/Samsung-Storage-MediaTek-Octa-core-Processor/dp/B0BMGC6LHP/ref=sr_1_40?crid=1EZL50YFX4LM1&keywords=mobiles&qid=1705169452&sprefix=%2Caps%2C185&sr=8-40","Samsung Galaxy M04 Light Green, 4GB RAM, 128GB Storage | Upto 8GB RAM with RAM Plus | MediaTek Helio P35 Octa-core Processor | 5000 mAh Battery | 13MP Dual Camera","6,999","16,976 ratings","Samsung","Android 12.0","Samsung M04","4G"
"1705169558-44","https://www.amazon.in/s?k=mobiles&page=3&crid=1EZL50YFX4LM1&qid=1705168175&sprefix=%2Caps%2C185&ref=sr_pg_2","OnePlus Nord CE 3 5G (Aqua Surge, 12GB RAM, 256GB Storage)","https://www.amazon.in/OnePlus-Nord-Surge-256GB-Storage/dp/B0C9QPM3BN/ref=sr_1_39?crid=1EZL50YFX4LM1&keywords=mobiles&qid=1705169452&sprefix=%2Caps%2C185&sr=8-39","OnePlus Nord CE 3 5G (Aqua Surge, 12GB RAM, 256GB Storage)","27,999","7,653 ratings","OnePlus","OxygenOS","Nord CE 3 Lite 5G","5G, 4G LTE"
"1705169566-45","https://www.amazon.in/s?k=mobiles&page=3&crid=1EZL50YFX4LM1&qid=1705168175&sprefix=%2Caps%2C185&ref=sr_pg_2","itel A70 Smartphone | 12GB* RAM, 128GB Storage | 8MP AI Selfie Camera | 5000mAh Battery | Type-C Charging | Dynamic Bar | Azure Blue","https://www.amazon.in/itel-Smartphone-Storage-5000mAh-Charging/dp/B0CQ7Z7JCH/ref=sr_1_38?crid=1EZL50YFX4LM1&keywords=mobiles&qid=1705169452&sprefix=%2Caps%2C185&sr=8-38","itel A70 Smartphone | 12GB* RAM, 128GB Storage | 8MP AI Selfie Camera | 5000mAh Battery | Type-C Charging | Dynamic Bar | Azure Blue","6,799","22 ratings","itel","Android 13.0 Go","A70","4G"
"1705169574-46","https://www.amazon.in/s?k=mobiles&page=3&crid=1EZL50YFX4LM1&qid=1705168175&sprefix=%2Caps%2C185&ref=sr_pg_2","Redmi 13C 5G (Startrail Green,6GB RAM, 128GB Storage) | MediaTek Dimensity 6100+ 5G | 90Hz Display","https://www.amazon.in/Redmi-Startrail-Storage-MediaTek-Dimensity/dp/B0CNX7BZ7R/ref=sr_1_37?crid=1EZL50YFX4LM1&keywords=mobiles&qid=1705169452&sprefix=%2Caps%2C185&sr=8-37","Redmi 13C 5G (Startrail Green,6GB RAM, 128GB Storage) | MediaTek Dimensity 6100+ 5G | 90Hz Display","12,499","319 ratings","Redmi","MIUI 14, Android 13.0","Redmi 13C 5G","5G"
"1705169584-47","https://www.amazon.in/s?k=mobiles&page=3&crid=1EZL50YFX4LM1&qid=1705168175&sprefix=%2Caps%2C185&ref=sr_pg_2","Nokia G42 5G | Snapdragon® 480+ 5G | 50MP Triple AI Camera | 11GB RAM (6GB RAM + 5GB Virtual RAM) | 128GB Storage | 5000mAh Battery | 2 Years Android Upgrades | 20W Charger Included | So Grey","https://www.amazon.in/Nokia-Snapdragon%C2%AE-Virtual-Upgrades-Included/dp/B0CDXHYHZ6/ref=sr_1_36?crid=1EZL50YFX4LM1&keywords=mobiles&qid=1705169452&sprefix=%2Caps%2C185&sr=8-36","Nokia G42 5G | Snapdragon® 480+ 5G | 50MP Triple AI Camera | 11GB RAM (6GB RAM + 5GB Virtual RAM) | 128GB Storage | 5000mAh Battery | 2 Years Android Upgrades | 20W Charger Included | So Grey","11,998","1,949 ratings","Nokia","Android 13.0","Nokia G42 5G","5G"
"1705169592-48","https://www.amazon.in/s?k=mobiles&page=3&crid=1EZL50YFX4LM1&qid=1705168175&sprefix=%2Caps%2C185&ref=sr_pg_2","Redmi A2 (Aqua Blue, 2GB RAM, 64GB Storage)","https://www.amazon.in/Redmi-Aqua-Blue-64GB-Storage/dp/B0C74LZSQB/ref=sr_1_35?crid=1EZL50YFX4LM1&keywords=mobiles&qid=1705169452&sprefix=%2Caps%2C185&sr=8-35","Redmi A2 (Aqua Blue, 2GB RAM, 64GB Storage)","5,299","7,061 ratings","Redmi","Android 13 Go, Android 13.0","Redmi A2","4G"
"1705169604-49","https://www.amazon.in/s?k=mobiles&page=2&crid=1EZL50YFX4LM1&qid=1705168175&sprefix=%2Caps%2C185&ref=sr_pg_2","realme narzo 60X 5G（Stellar Green,6GB,128GB Storage ） Up to 2TB External Memory | 50 MP AI Primary Camera | Segments only 33W Supervooc Charge","https://www.amazon.in/realme-5G%EF%BC%88Stellar-External-Segments-Supervooc/dp/B0CGDQRR9Y/ref=sr_1_36?crid=1EZL50YFX4LM1&keywords=mobiles&qid=1705169592&sprefix=%2Caps%2C185&sr=8-36","realme narzo 60X 5G（Stellar Green,6GB,128GB Storage ） Up to 2TB External Memory | 50 MP AI Primary Camera | Segments only 33W Supervooc Charge","12,499","6,229 ratings","realme","Android 13.0","realme narzo 60x","5G"
"1705169612-50","https://www.amazon.in/s?k=mobiles&page=2&crid=1EZL50YFX4LM1&qid=1705168175&sprefix=%2Caps%2C185&ref=sr_pg_2","POCO C55 (Cool Blue, 6GB RAM, 128GB Storage)","https://www.amazon.in/POCO-C55-Cool-Blue-128/dp/B0BX9WNP7W/ref=sr_1_35?crid=1EZL50YFX4LM1&keywords=mobiles&qid=1705169592&sprefix=%2Caps%2C185&sr=8-35","POCO C55 (Cool Blue, 6GB RAM, 128GB Storage)","7,498","154 ratings","POCO","MIUI 13, Android 12.0","Poco C55","4G"
"1705169620-51","https://www.amazon.in/s?k=mobiles&page=2&crid=1EZL50YFX4LM1&qid=1705168175&sprefix=%2Caps%2C185&ref=sr_pg_2","HONOR 90 (Midnight Black, 12GB + 512GB) | India's First Eye Risk-Free Display | 200MP Main & 50MP Selfie Camera | Segment First Quad-Curved AMOLED Screen | Without Charger","https://www.amazon.in/Midnight-Risk-Free-Display-Segment-Quad-Curved/dp/B0CG128DJK/ref=sr_1_34?crid=1EZL50YFX4LM1&keywords=mobiles&qid=1705169592&sprefix=%2Caps%2C185&sr=8-34","HONOR 90 (Midnight Black, 12GB + 512GB) | India's First Eye Risk-Free Display | 200MP Main & 50MP Selfie Camera | Segment First Quad-Curved AMOLED Screen | Without Charger","30,999","1,317 ratings","Honor","Android 13.0","HONOR 90","5G"
"1705169629-52","https://www.amazon.in/s?k=mobiles&page=2&crid=1EZL50YFX4LM1&qid=1705168175&sprefix=%2Caps%2C185&ref=sr_pg_2","realme narzo N53 (Feather Black, 8GB+128GB) 33W Segment Fastest Charging | Slimmest Phone in Segment | 90 Hz Smooth Display","https://www.amazon.in/realme-Feather-Segment-Charging-Slimmest/dp/B0CKN56PQ8/ref=sr_1_33?crid=1EZL50YFX4LM1&keywords=mobiles&qid=1705169592&sprefix=%2Caps%2C185&sr=8-33","realme narzo N53 (Feather Black, 8GB+128GB) 33W Segment Fastest Charging | Slimmest Phone in Segment | 90 Hz Smooth Display","9,749","12,368 ratings","realme","Android 13.0","realme narzo N53","4G"
"1705169637-53","https://www.amazon.in/s?k=mobiles&page=2&crid=1EZL50YFX4LM1&qid=1705168175&sprefix=%2Caps%2C185&ref=sr_pg_2","POCO C55 (Forest Green, 4GB RAM, 64GB Storage)","https://www.amazon.in/POCO-C55-Forest-Green-RAM/dp/B0BX9VFHVQ/ref=sr_1_32?crid=1EZL50YFX4LM1&keywords=mobiles&qid=1705169592&sprefix=%2Caps%2C185&sr=8-32","POCO C55 (Forest Green, 4GB RAM, 64GB Storage)","6,499","47 ratings","POCO","MIUI 13, Android 12.0","Poco C55","4G"
"1705169646-54","https://www.amazon.in/s?k=mobiles&page=2&crid=1EZL50YFX4LM1&qid=1705168175&sprefix=%2Caps%2C185&ref=sr_pg_2","iQOO Z7 Pro 5G (Blue Lagoon, 8GB RAM, 256GB Storage) | 3D Curved AMOLED Display | 4nm MediaTek Dimesity 7200 5G Processor | 64MP Aura Light OIS Camera | Segment's Slimmest & Lightest Smartphone","https://www.amazon.in/iQOO-MediaTek-Dimesity-Processor-Smartphone/dp/B07WGPJPR3/ref=sr_1_31?crid=1EZL50YFX4LM1&keywords=mobiles&qid=1705169592&sprefix=%2Caps%2C185&sr=8-31","iQOO Z7 Pro 5G (Blue Lagoon, 8GB RAM, 256GB Storage) | 3D Curved AMOLED Display | 4nm MediaTek Dimesity 7200 5G Processor | 64MP Aura Light OIS Camera | Segment's Slimmest & Lightest Smartphone","23,999","6,816 ratings","iQOO","Funtouch OS 13 Based On Android 13","iQOO Z7 Pro 5G","5G"
"1705169655-55","https://www.amazon.in/s?k=mobiles&page=2&crid=1EZL50YFX4LM1&qid=1705168175&sprefix=%2Caps%2C185&ref=sr_pg_2","Samsung Galaxy M34 5G (Waterfall Blue,8GB,128GB)|120Hz sAMOLED Display|50MP Triple No Shake Cam|6000 mAh Battery|4 Gen OS Upgrade & 5 Year Security Update|16GB RAM with RAM+|Android 13|Without Charger","https://www.amazon.in/Samsung-Waterfall-sAMOLED-Display-Security/dp/B0C7C2NBY2/ref=sr_1_30?crid=1EZL50YFX4LM1&keywords=mobiles&qid=1705169592&sprefix=%2Caps%2C185&sr=8-30","Samsung Galaxy M34 5G (Waterfall Blue,8GB,128GB)|120Hz sAMOLED Display|50MP Triple No Shake Cam|6000 mAh Battery|4 Gen OS Upgrade & 5 Year Security Update|16GB RAM with RAM+|Android 13|Without Charger","17,999","10,658 ratings","Samsung","Android 13.0","Samsung Galaxy M34 5G","5G"
"1705169665-56","https://www.amazon.in/s?k=mobiles&page=2&crid=1EZL50YFX4LM1&qid=1705168175&sprefix=%2Caps%2C185&ref=sr_pg_2","OnePlus Nord CE 3 Lite 5G (Chromatic Gray, 8GB RAM, 128GB Storage)","https://www.amazon.in/OnePlus-Nord-Chromatic-128GB-Storage/dp/B0BY8MCQ9S/ref=sr_1_29?crid=1EZL50YFX4LM1&keywords=mobiles&qid=1705169592&sprefix=%2Caps%2C185&sr=8-29","OnePlus Nord CE 3 Lite 5G (Chromatic Gray, 8GB RAM, 128GB Storage)","19,999","40,561 ratings","OnePlus","OxygenOS","Nord CE 3 Lite 5G","5G, 4G LTE"
"1705169675-57","https://www.amazon.in/s?k=mobiles&page=2&crid=1EZL50YFX4LM1&qid=1705168175&sprefix=%2Caps%2C185&ref=sr_pg_2","OnePlus Nord CE 3 Lite 5G (Chromatic Gray, 8GB RAM, 256GB Storage)","https://www.amazon.in/OnePlus-Nord-Chromatic-256GB-Storage/dp/B0BY8L3RZ6/ref=sr_1_26?crid=1EZL50YFX4LM1&keywords=mobiles&qid=1705169592&sprefix=%2Caps%2C185&sr=8-26","OnePlus Nord CE 3 Lite 5G (Chromatic Gray, 8GB RAM, 256GB Storage)","21,999","40,561 ratings","OnePlus","OxygenOS","Nord CE 3 Lite 5G","5G"
"1705169683-58","https://www.amazon.in/s?k=mobiles&page=2&crid=1EZL50YFX4LM1&qid=1705168175&sprefix=%2Caps%2C185&ref=sr_pg_2","iQOO Z6 Lite 5G (Stellar Green, 6GB RAM, 128GB Storage) with Charger | Qualcomm Snapdragon 4 Gen 1 Processor | 120Hz FHD+ Display | Travel Adaptor Included in The Box","https://www.amazon.in/iQOO-Stellar-Snapdragon-Segment-Included/dp/B07WHSR1NR/ref=sr_1_25?crid=1EZL50YFX4LM1&keywords=mobiles&qid=1705169592&sprefix=%2Caps%2C185&sr=8-25","iQOO Z6 Lite 5G (Stellar Green, 6GB RAM, 128GB Storage) with Charger | Qualcomm Snapdragon 4 Gen 1 Processor | 120Hz FHD+ Display | Travel Adaptor Included in The Box","12,999","19,912 ratings","iQOO","Funtouch OS 12 based on Android 12","iQOO Z6 Lite 5G by vivo","5G"
"1705169692-59","https://www.amazon.in/s?k=mobiles&page=2&crid=1EZL50YFX4LM1&qid=1705168175&sprefix=%2Caps%2C185&ref=sr_pg_2","realme narzo 60X 5G（Stellar Green, 4GB, 128GB Storage） Up to 2TB External Memory | 50 MP AI Primary Camera | Segments only 33W Supervooc Charge","https://www.amazon.in/realme-5G%EF%BC%88Stellar-Storage%EF%BC%89-External-Supervooc/dp/B0CGDQ9SN7/ref=sr_1_24?crid=1EZL50YFX4LM1&keywords=mobiles&qid=1705169592&sprefix=%2Caps%2C185&sr=8-24","realme narzo 60X 5G（Stellar Green, 4GB, 128GB Storage） Up to 2TB External Memory | 50 MP AI Primary Camera | Segments only 33W Supervooc Charge","11,499","6,229 ratings","realme","Android 13.0","realme narzo 60x","5G"
"1705169701-60","https://www.amazon.in/s?k=mobiles&page=2&crid=1EZL50YFX4LM1&qid=1705168175&sprefix=%2Caps%2C185&ref=sr_pg_2","Redmi 12 5G Jade Black 6GB RAM 128GB ROM","https://www.amazon.in/Redmi-Jade-Black-6GB-128GB/dp/B0C9JFWBH7/ref=sr_1_23?crid=1EZL50YFX4LM1&keywords=mobiles&qid=1705169592&sprefix=%2Caps%2C185&sr=8-23","Redmi 12 5G Jade Black 6GB RAM 128GB ROM","12,999","10,227 ratings","Redmi","MIUI 14, Android 13.0","Redmi 12","5G"
"1705169709-61","https://www.amazon.in/s?k=mobiles&page=2&crid=1EZL50YFX4LM1&qid=1705168175&sprefix=%2Caps%2C185&ref=sr_pg_2","iQOO Z7s 5G by vivo (Pacific Night, 8GB RAM, 128GB Storage) | Ultra Bright AMOLED Display | Snapdragon 695 5G 6nm Processor | 64 MP OIS Ultra Stable Camera | 44WFlashCharge","https://www.amazon.in/iQOO-Pacific-Snapdragon-Processor-44WFlashCharge/dp/B07WGPKSG8/ref=sr_1_22?crid=1EZL50YFX4LM1&keywords=mobiles&qid=1705169592&sprefix=%2Caps%2C185&sr=8-22","iQOO Z7s 5G by vivo (Pacific Night, 8GB RAM, 128GB Storage) | Ultra Bright AMOLED Display | Snapdragon 695 5G 6nm Processor | 64 MP OIS Ultra Stable Camera | 44WFlashCharge","15,999","12,839 ratings","iQOO","Funtouch OS 13 Based On Android 13","iQOO Z7s 5G by vivo","5G"
"1705169717-62","https://www.amazon.in/s?k=mobiles&page=2&crid=1EZL50YFX4LM1&qid=1705168175&sprefix=%2Caps%2C185&ref=sr_pg_2","HONOR 90 (Emerald Green, 12GB + 512GB) | India's First Eye Risk-Free Display | 200MP Main & 50MP Selfie Camera | Segment First Quad-Curved AMOLED Screen | Without Charger","https://www.amazon.in/Emerald-Risk-Free-Display-Segment-Quad-Curved/dp/B0CG138J79/ref=sr_1_21?crid=1EZL50YFX4LM1&keywords=mobiles&qid=1705169592&sprefix=%2Caps%2C185&sr=8-21","HONOR 90 (Emerald Green, 12GB + 512GB) | India's First Eye Risk-Free Display | 200MP Main & 50MP Selfie Camera | Segment First Quad-Curved AMOLED Screen | Without Charger","30,999","1,317 ratings","Honor","Android 13.0","HONOR 90","5G"
"1705169726-63","https://www.amazon.in/s?k=mobiles&page=2&crid=1EZL50YFX4LM1&qid=1705168175&sprefix=%2Caps%2C185&ref=sr_pg_2","Nokia G42 5G | Snapdragon® 480+ 5G | 50MP Triple AI Camera | 11GB RAM (6GB RAM + 5GB Virtual RAM) | 128GB Storage | 5000mAh Battery | 2 Years Android Upgrades | 20W Charger Included | So Purple","https://www.amazon.in/Nokia-Snapdragon%C2%AE-Virtual-Upgrades-Included/dp/B0CDXKF7KM/ref=sr_1_20?crid=1EZL50YFX4LM1&keywords=mobiles&qid=1705169592&sprefix=%2Caps%2C185&sr=8-20","Nokia G42 5G | Snapdragon® 480+ 5G | 50MP Triple AI Camera | 11GB RAM (6GB RAM + 5GB Virtual RAM) | 128GB Storage | 5000mAh Battery | 2 Years Android Upgrades | 20W Charger Included | So Purple","11,998","1,949 ratings","Nokia","Android 13.0","Nokia G42 5G","5G"
"1705169734-64","https://www.amazon.in/s?k=mobiles&page=2&crid=1EZL50YFX4LM1&qid=1705168175&sprefix=%2Caps%2C185&ref=sr_pg_2","Samsung Galaxy M34 5G (Waterfall Blue,6GB,128GB)|120Hz sAMOLED Display|50MP Triple No Shake Cam|6000 mAh Battery|4 Gen OS Upgrade & 5 Year Security Update|12GB RAM with RAM+|Android 13|Without Charger","https://www.amazon.in/Samsung-Waterfall-sAMOLED-Display-Security/dp/B0C7C28GKF/ref=sr_1_19?crid=1EZL50YFX4LM1&keywords=mobiles&qid=1705169592&sprefix=%2Caps%2C185&sr=8-19","Samsung Galaxy M34 5G (Waterfall Blue,6GB,128GB)|120Hz sAMOLED Display|50MP Triple No Shake Cam|6000 mAh Battery|4 Gen OS Upgrade & 5 Year Security Update|12GB RAM with RAM+|Android 13|Without Charger","15,999","10,658 ratings","Samsung","Android 13.0","Samsung Galaxy M34 5G","5G"
"1705169745-65","https://www.amazon.in/s?k=mobiles&page=1&crid=1EZL50YFX4LM1&qid=1705168175&sprefix=%2Caps%2C185&ref=sr_pg_2","realme narzo N53 (Feather Black, 4GB+64GB) 33W Segment Fastest Charging | Slim Smartphone | 90 Hz Smooth Display","https://www.amazon.in/realme-Feather-Segment-Charging-Slimmest/dp/B0C45VWDWJ/ref=sr_1_20?crid=1EZL50YFX4LM1&keywords=mobiles&qid=1705169734&sprefix=%2Caps%2C185&sr=8-20","realme narzo N53 (Feather Black, 4GB+64GB) 33W Segment Fastest Charging | Slim Smartphone | 90 Hz Smooth Display","7,999","12,368 ratings","realme","Android 13.0","realme narzo N53","4G"
"1705169756-66","https://www.amazon.in/s?k=mobiles&page=1&crid=1EZL50YFX4LM1&qid=1705168175&sprefix=%2Caps%2C185&ref=sr_pg_2","Samsung Galaxy S23 5G (Lavender, 8GB, 256GB Storage)","https://www.amazon.in/Samsung-Galaxy-Lavender-256GB-Storage/dp/B0BRSL2XWP/ref=sr_1_19?crid=1EZL50YFX4LM1&keywords=mobiles&qid=1705169734&sprefix=%2Caps%2C185&sr=8-19","Samsung Galaxy S23 5G (Lavender, 8GB, 256GB Storage)","69,999","1,313 ratings","Samsung","Android 13.0","Galaxy S23","5G, 4G LTE"
"1705169764-67","https://www.amazon.in/s?k=mobiles&page=1&crid=1EZL50YFX4LM1&qid=1705168175&sprefix=%2Caps%2C185&ref=sr_pg_2","POCO C51 (Power Black, 6GB RAM, 128GB Storage)","https://www.amazon.in/POCO-Power-Black-128GB-Storage/dp/B0CKJ3XLLM/ref=sr_1_18?crid=1EZL50YFX4LM1&keywords=mobiles&qid=1705169734&sprefix=%2Caps%2C185&sr=8-18","POCO C51 (Power Black, 6GB RAM, 128GB Storage)","5,999","19 ratings","POCO","Android 13.0","POCO C51","4G"
"1705169774-68","https://www.amazon.in/s?k=mobiles&page=1&crid=1EZL50YFX4LM1&qid=1705168175&sprefix=%2Caps%2C185&ref=sr_pg_2","realme narzo 60X 5G（Nebula Purple 6GB,128GB Storage ） Up to 2TB External Memory | 50 MP AI Primary Camera | Segments only 33W Supervooc Charge","https://www.amazon.in/realme-5G%EF%BC%88Nebula-External-Segments-Supervooc/dp/B0CGDNJX9X/ref=sr_1_17?crid=1EZL50YFX4LM1&keywords=mobiles&qid=1705169734&sprefix=%2Caps%2C185&sr=8-17","realme narzo 60X 5G（Nebula Purple 6GB,128GB Storage ） Up to 2TB External Memory | 50 MP AI Primary Camera | Segments only 33W Supervooc Charge","12,499","6,229 ratings","realme","Android 13.0","realme narzo 60x","5G"
"1705169783-69","https://www.amazon.in/s?k=mobiles&page=1&crid=1EZL50YFX4LM1&qid=1705168175&sprefix=%2Caps%2C185&ref=sr_pg_2","Samsung Galaxy M14 5G (Smoky Teal,6GB,128GB)|50MP Triple Cam|Segment's Only 6000 mAh 5G SP|5nm Processor|2 Gen. OS Upgrade & 4 Year Security Update|12GB RAM with RAM Plus|Android 13|Without Charger","https://www.amazon.in/Samsung-Segments-Smartphone-Octa-Core-Processor/dp/B0BZCSSNV7/ref=sr_1_16?crid=1EZL50YFX4LM1&keywords=mobiles&qid=1705169734&sprefix=%2Caps%2C185&sr=8-16","Samsung Galaxy M14 5G (Smoky Teal,6GB,128GB)|50MP Triple Cam|Segment's Only 6000 mAh 5G SP|5nm Processor|2 Gen. OS Upgrade & 4 Year Security Update|12GB RAM with RAM Plus|Android 13|Without Charger","11,999","15,645 ratings","Samsung","Android 13.0","Samsung Galaxy M14 5G","5G"
"1705169792-70","https://www.amazon.in/s?k=mobiles&page=1&crid=1EZL50YFX4LM1&qid=1705168175&sprefix=%2Caps%2C185&ref=sr_pg_2","Redmi 13C (Starshine Green, 4GB RAM, 128GB Storage) | Powered by 4G MediaTek Helio G85 | 90Hz Display | 50MP AI Triple Camera","https://www.amazon.in/Starshine-Storage-Powered-MediaTek-Display/dp/B0CMTZNPXR/ref=sr_1_15?crid=1EZL50YFX4LM1&keywords=mobiles&qid=1705169734&sprefix=%2Caps%2C185&sr=8-15","Redmi 13C (Starshine Green, 4GB RAM, 128GB Storage) | Powered by 4G MediaTek Helio G85 | 90Hz Display | 50MP AI Triple Camera","7,999","305 ratings","Xiaomi","MIUI 14, Android 13.0","Redmi 13C","4G"
"1705169800-71","https://www.amazon.in/s?k=mobiles&page=1&crid=1EZL50YFX4LM1&qid=1705168175&sprefix=%2Caps%2C185&ref=sr_pg_2","realme narzo N55 (Prime Blue, 6GB+128GB) 33W Segment Fastest Charging | Super High-res 64MP Primary AI Camera","https://www.amazon.in/realme-Segment-Fastest-Charging-High-res/dp/B0BZ466BWW/ref=sr_1_14?crid=1EZL50YFX4LM1&keywords=mobiles&qid=1705169734&sprefix=%2Caps%2C185&sr=8-14","realme narzo N55 (Prime Blue, 6GB+128GB) 33W Segment Fastest Charging | Super High-res 64MP Primary AI Camera","9,749","10,694 ratings","realme","Android 13.0","realme narzo N55","4G"
"1705169809-72","https://www.amazon.in/s?k=mobiles&page=1&crid=1EZL50YFX4LM1&qid=1705168175&sprefix=%2Caps%2C185&ref=sr_pg_2","Redmi 13C 5G (Startrail Green, 4GB RAM, 128GB Storage) | MediaTek Dimensity 6100+ 5G | 90Hz Display","https://www.amazon.in/Redmi-Startrail-Storage-MediaTek-Dimensity/dp/B0CNX6WVG5/ref=sr_1_13?crid=1EZL50YFX4LM1&keywords=mobiles&qid=1705169734&sprefix=%2Caps%2C185&sr=8-13","Redmi 13C 5G (Startrail Green, 4GB RAM, 128GB Storage) | MediaTek Dimensity 6100+ 5G | 90Hz Display","10,999","319 ratings","Redmi","MIUI 14, Android 13.0","Redmi 13C 5G","5G"
"1705169819-73","https://www.amazon.in/s?k=mobiles&page=1&crid=1EZL50YFX4LM1&qid=1705168175&sprefix=%2Caps%2C185&ref=sr_pg_2","itel A70 Smartphone | 12GB* RAM, 128GB Storage | 8MP AI Selfie Camera | 5000mAh Battery | Type-C Charging | Dynamic Bar | Starlish Black","https://www.amazon.in/itel-Smartphone-Storage-Charging-Starlish/dp/B0CQ7MKZ1F/ref=sr_1_10?crid=1EZL50YFX4LM1&keywords=mobiles&qid=1705169734&sprefix=%2Caps%2C185&sr=8-10","itel A70 Smartphone | 12GB* RAM, 128GB Storage | 8MP AI Selfie Camera | 5000mAh Battery | Type-C Charging | Dynamic Bar | Starlish Black","6,799","22 ratings","itel","Android 13.0 Go","A70","4G"
"1705169828-74","https://www.amazon.in/s?k=mobiles&page=1&crid=1EZL50YFX4LM1&qid=1705168175&sprefix=%2Caps%2C185&ref=sr_pg_2","Redmi 13C (Starshine Green, 6GB RAM, 128GB Storage) | Powered by 4G MediaTek Helio G85 | 90Hz Display | 50MP AI Triple Camera","https://www.amazon.in/Starshine-Storage-Powered-MediaTek-Display/dp/B0CMTWJ5RV/ref=sr_1_9?crid=1EZL50YFX4LM1&keywords=mobiles&qid=1705169734&sprefix=%2Caps%2C185&sr=8-9","Redmi 13C (Starshine Green, 6GB RAM, 128GB Storage) | Powered by 4G MediaTek Helio G85 | 90Hz Display | 50MP AI Triple Camera","9,998","305 ratings","Xiaomi","MIUI 14, Android 13.0","Redmi 13C","4G"
"1705169838-75","https://www.amazon.in/s?k=mobiles&page=1&crid=1EZL50YFX4LM1&qid=1705168175&sprefix=%2Caps%2C185&ref=sr_pg_2","realme narzo N55 (Prime Black, 6GB+128GB) 33W Segment Fastest Charging | Super High-res 64MP Primary AI Camera","https://www.amazon.in/realme-Segment-Fastest-Charging-High-res/dp/B0BZ48H8JX/ref=sr_1_8?crid=1EZL50YFX4LM1&keywords=mobiles&qid=1705169734&sprefix=%2Caps%2C185&sr=8-8","realme narzo N55 (Prime Black, 6GB+128GB) 33W Segment Fastest Charging | Super High-res 64MP Primary AI Camera","9,749","10,694 ratings","realme","Android 13.0","realme narzo N55","4G"
"1705169847-76","https://www.amazon.in/s?k=mobiles&page=1&crid=1EZL50YFX4LM1&qid=1705168175&sprefix=%2Caps%2C185&ref=sr_pg_2","realme narzo 50i Prime (Mint Green 4GB RAM+64GB Storage) Octa-core Processor |5000 mAh Battery","https://www.amazon.in/realme-Storage-Octa-core-Processor-Battery/dp/B0BBM78DMV/ref=sr_1_7?crid=1EZL50YFX4LM1&keywords=mobiles&qid=1705169734&sprefix=%2Caps%2C185&sr=8-7","realme narzo 50i Prime (Mint Green 4GB RAM+64GB Storage) Octa-core Processor |5000 mAh Battery","6,999","8,280 ratings","realme","Android 11.0","realme narzo 50i Prime","LTE"
"1705169857-77","https://www.amazon.in/s?k=mobiles&page=1&crid=1EZL50YFX4LM1&qid=1705168175&sprefix=%2Caps%2C185&ref=sr_pg_2","Samsung Galaxy M04 Light Green, 4GB RAM, 64GB Storage | Upto 8GB RAM with RAM Plus | MediaTek Helio P35 Octa-core Processor | 5000 mAh Battery | 13MP Dual Camera","https://www.amazon.in/Samsung-Storage-MediaTek-Octa-core-Processor/dp/B0BMGB2TPR/ref=sr_1_6?crid=1EZL50YFX4LM1&keywords=mobiles&qid=1705169734&sprefix=%2Caps%2C185&sr=8-6","Samsung Galaxy M04 Light Green, 4GB RAM, 64GB Storage | Upto 8GB RAM with RAM Plus | MediaTek Helio P35 Octa-core Processor | 5000 mAh Battery | 13MP Dual Camera","5,999","16,976 ratings","Samsung","Android 12.0","Samsung M04","4G"
"1705169868-78","https://www.amazon.in/s?k=mobiles&page=1&crid=1EZL50YFX4LM1&qid=1705168175&sprefix=%2Caps%2C185&ref=sr_pg_2","Redmi A2 (Sea Green, 2GB RAM, 64GB Storage)","https://www.amazon.in/Redmi-Sea-Green-64GB-Storage/dp/B0C74PD9VG/ref=sr_1_5?crid=1EZL50YFX4LM1&keywords=mobiles&qid=1705169734&sprefix=%2Caps%2C185&sr=8-5","Redmi A2 (Sea Green, 2GB RAM, 64GB Storage)","5,299","7,061 ratings","Redmi","Android 13 Go, Android 13.0","Redmi A2","4G"
"1705169877-79","https://www.amazon.in/s?k=mobiles&page=1&crid=1EZL50YFX4LM1&qid=1705168175&sprefix=%2Caps%2C185&ref=sr_pg_2","POCO C51 (Royal Blue, 6GB RAM, 128GB Storage)","https://www.amazon.in/POCO-Royal-Blue-128GB-Storage/dp/B0CKJ5ZXFK/ref=sr_1_4?crid=1EZL50YFX4LM1&keywords=mobiles&qid=1705169734&sprefix=%2Caps%2C185&sr=8-4","POCO C51 (Royal Blue, 6GB RAM, 128GB Storage)","5,999","19 ratings","POCO","Android 13.0","POCO C51","4G"
"1705169887-80","https://www.amazon.in/s?k=mobiles&page=1&crid=1EZL50YFX4LM1&qid=1705168175&sprefix=%2Caps%2C185&ref=sr_pg_2","Redmi 13C 5G (Starlight Black, 4GB RAM, 128GB Storage) | MediaTek Dimensity 6100+ 5G | 90Hz Display","https://www.amazon.in/Redmi-Starlight-Storage-MediaTek-Dimensity/dp/B0CNX89QR8/ref=sr_1_3?crid=1EZL50YFX4LM1&keywords=mobiles&qid=1705169734&sprefix=%2Caps%2C185&sr=8-3","Redmi 13C 5G (Starlight Black, 4GB RAM, 128GB Storage) | MediaTek Dimensity 6100+ 5G | 90Hz Display","10,998","319 ratings","Redmi","MIUI 14, Android 13.0","Redmi 13C 5G","5G"
